{
    "loss": 0.2884710133075714,
    "accuracy": 0.9200000166893005
}