{
    "loss": 0.39763233065605164,
    "accuracy": 0.8633333444595337
}