{
    "loss": 1.2352648973464966,
    "accuracy": 0.6733333468437195
}