{
    "loss": 0.29049476981163025,
    "accuracy": 0.8933333158493042
}