{
    "loss": 0.1932733952999115,
    "accuracy": 0.903333306312561
}